{
    "build_dens_wnh_res_path": 0.039719504840685,
    "meanheigh_impervious_res_path": 0.0037006486456058296,
    "meanheigh_buildcove_res_path": -0.1872066353090951
}